"","old_recipient_location_id","donation_id"
"1",260,1
"2",194,29
"3",194,41
"4",2,86
"5",81,122
"6",206,127
"7",99,158
"8",111,165
"9",111,219
"10",99,219
"11",364,318
"12",210,332
"13",111,332
"14",184,332
"15",185,361
"16",307,371
"17",184,395
"18",370,444
"19",185,497
"20",111,524
"21",184,532
"22",111,564
"23",111,620
"24",388,638
"25",185,635
"26",111,635
"27",162,635
"28",2,635
"29",391,635
"30",388,635
"31",388,653
"32",111,658
"33",393,663
"34",111,759
"35",398,775
"36",399,776
"37",400,807
"38",400,807
"39",162,808
"40",111,828
"41",2,838
"42",2,877
"43",111,930
"44",367,933
"45",418,946
"46",162,973
"47",400,973
"48",111,1004
"49",111,1039
"50",184,1042
"51",307,1091
"52",388,1138
"53",388,1174
"54",2,1213
"55",388,1259
"56",115,1269
"57",388,1341
"58",230,1344
"59",2,1347
"60",436,1351
"61",436,1351
"62",436,1351
"63",2,1353
"64",123,1358
"65",184,1403
"66",388,1431
"67",104,1434
"68",364,1432
"69",2,1470
"70",320,1539
"71",400,1569
"72",115,1580
"73",2,1582
"74",2,1590
"75",2,1669
