rescue_id,tar
2,334
3,334
4,334
5,334
9,334
10,334
11,334
12,334
13,334
14,334
15,334
16,334
17,334
18,334
19,334
20,334
21,334
22,334
23,334
24,334
25,335
26,335
27,335
28,335
29,335
30,335
31,335
32,335
33,335
34,335
35,335
36,335
37,335
38,335
39,335
40,335
41,335
42,335
43,335
44,335
45,335
46,335
47,335
48,335
49,335
50,335
51,335
52,335
53,335
54,335
55,335
56,335
57,335
58,335
59,335
60,335
61,336
62,336
63,336
64,336
65,336
66,336
67,336
69,336
70,336
71,336
72,336
73,336
74,336
75,336
76,336
77,336
78,336
81,336
83,336
84,336
85,336
86,336
87,336
88,336
89,336
90,336
91,336
92,336
93,336
94,336
95,336
96,336
97,336
98,336
99,336
100,336
101,336
102,336
103,336
104,336
105,336
106,336
107,336
108,336
109,336
110,336
111,336
112,336
113,336
114,336
115,336
116,336
117,337
118,337
119,337
120,337
122,337
123,337
124,337
125,337
126,337
127,337
128,337
129,337
130,337
132,337
133,337
134,337
135,337
136,337
137,337
138,337
139,337
140,337
141,337
142,337
143,337
144,337
145,337
146,337
147,337
148,337
149,337
150,337
151,337
152,338
153,339
154,339
155,339
156,339
157,339
158,339
159,339
160,339
161,339
162,339
163,339
164,339
167,339
168,339
169,339
170,339
171,339
172,339
173,339
174,339
175,339
176,339
177,340
178,340
179,340
180,340
181,340
182,340
183,340
184,340
185,340
187,340
188,340
189,340
190,340
191,340
192,340
193,340
194,340
195,340
196,340
197,340
198,340
200,340
201,340
202,340
203,340
204,340
205,340
206,340
207,340
208,340
209,340
210,340
211,340
212,340
213,340
214,340
215,340
216,340
217,340
218,340
219,340
220,340
221,340
222,340
223,340
224,340
225,340
227,340
229,340
230,340
231,340
232,340
233,340
235,340
236,340
237,340
238,340
239,340
240,340
241,340
242,340
243,340
244,340
245,340
246,340
247,340
248,340
249,340
250,340
251,340
252,340
253,340
254,340
255,340
256,340
257,340
258,340
259,340
260,340
261,340
262,340
263,340
264,340
265,340
266,340
267,340
268,340
269,340
270,340
271,340
273,340
275,340
276,340
277,340
278,340
279,340
280,340
281,340
282,340
283,340
284,340
285,340
286,340
287,340
289,340
290,340
291,340
292,340
293,340
296,340
297,340
298,340
299,340
300,340
301,340
302,340
303,340
304,340
305,340
306,340
307,340
308,340
309,340
310,340
311,340
312,340
313,340
314,340
315,340
316,340
317,340
318,340
319,340
320,340
321,340
322,340
323,340
324,340
325,340
326,340
327,340
328,340
329,340
330,340
332,340
333,340
334,340
335,340
336,340
337,340
338,340
339,340
340,340
341,340
342,341
343,341
344,341
345,341
346,341
347,341
348,341
350,341
351,341
352,341
353,341
354,341
355,341
356,341
357,341
358,341
359,341
360,349
361,349
362,349
363,349
364,349
365,349
366,349
367,349
368,349
369,349
370,349
371,349
372,349
373,349
374,349
375,349
376,349
377,349
378,349
379,349
381,349
382,349
383,349
384,349
385,349
386,349
387,349
388,349
389,349
390,349
391,349
392,349
393,349
394,349
395,349
397,349
398,349
399,349
400,349
401,349
402,349
403,349
404,349
405,349
406,349
407,349
408,349
409,349
410,349
411,349
412,349
413,349
414,349
415,349
416,349
417,349
418,349
419,349
420,349
421,349
422,349
423,349
424,349
425,349
426,349
427,349
428,349
429,349
430,349
431,349
432,349
433,349
434,349
435,349
436,349
437,349
438,349
440,350
441,350
442,350
443,350
444,350
445,351
446,351
447,351
448,351
449,351
450,351
451,351
452,351
453,351
454,351
455,351
456,351
457,351
458,351
459,351
461,351
462,351
463,351
464,351
465,351
466,351
467,351
468,351
471,351
472,351
473,351
474,351
475,351
476,351
478,351
479,351
480,351
481,351
482,352
483,352
484,352
485,352
486,352
487,352
488,352
489,352
490,352
491,352
492,352
493,352
494,352
495,352
496,352
497,352
498,352
499,352
500,352
501,352
502,352
503,352
504,352
505,352
506,352
507,352
508,352
509,352
510,352
511,352
512,352
513,352
514,352
515,352
516,352
517,352
518,352
519,352
521,353
522,353
523,353
524,353
527,353
528,353
529,353
530,353
531,353
532,353
533,353
534,353
535,353
536,353
537,353
538,353
539,353
540,353
541,353
542,353
543,353
544,353
545,353
546,353
547,353
548,353
549,353
550,353
551,353
552,353
553,353
554,353
555,353
557,353
559,353
560,353
561,353
563,353
564,353
565,353
566,353
567,353
568,353
569,353
570,354
571,354
572,354
573,354
574,354
575,354
576,354
577,354
578,354
579,354
580,354
581,354
582,354
583,354
584,354
585,354
586,354
587,354
588,354
589,354
590,354
591,354
592,354
594,354
595,354
596,354
597,354
598,354
599,354
600,354
602,354
603,354
604,354
605,354
606,354
607,354
608,354
609,354
610,354
611,354
612,354
613,354
614,354
615,354
617,354
618,354
619,354
620,354
621,354
622,354
623,354
625,354
626,354
627,354
628,354
630,354
631,354
632,354
633,354
635,354
636,354
637,354
638,354
640,354
642,354
643,354
644,354
645,354
646,354
647,354
648,354
649,354
650,354
651,354
652,354
653,354
654,354
655,354
656,354
657,354
658,354
659,354
660,354
661,354
663,354
664,354
665,354
666,354
667,354
669,354
671,354
672,354
673,354
674,354
675,354
676,354
677,354
678,354
679,354
680,354
681,354
682,354
683,354
684,354
685,354
686,354
687,354
688,354
689,354
690,354
691,354
692,354
693,354
694,354
695,354
696,354
697,354
698,354
699,354
700,354
701,354
702,354
703,354
704,354
705,354
706,354
707,354
708,354
709,354
710,354
711,354
712,354
713,354
714,354
715,354
716,354
717,354
718,354
719,354
721,354
722,354
723,354
724,354
725,354
726,354
727,354
728,354
730,354
731,354
732,355
733,355
734,355
735,355
736,355
737,355
738,355
739,355
740,355
741,355
742,355
743,355
744,355
745,355
746,355
747,355
748,355
749,355
750,355
751,355
752,355
753,355
754,355
755,355
757,355
758,355
759,355
760,355
761,355
762,355
763,355
764,355
765,355
766,356
768,356
769,356
770,356
773,356
774,356
775,356
776,356
777,356
778,356
779,356
780,356
781,356
782,356
783,356
784,356
785,356
786,356
787,356
788,356
789,356
790,356
791,356
792,356
793,356
795,356
796,356
797,356
798,356
799,356
802,356
803,356
805,356
806,356
807,356
808,356
809,356
810,356
811,356
812,356
813,356
814,356
815,356
816,356
817,356
818,356
819,356
820,356
821,356
822,356
823,356
824,356
825,356
826,356
827,356
828,356
829,356
830,356
831,356
832,356
833,356
834,356
835,356
836,356
837,356
838,356
839,356
840,356
841,356
842,356
843,356
844,356
845,356
846,356
847,356
848,356
849,356
851,356
852,356
853,356
854,356
855,356
856,356
857,356
858,356
859,356
860,356
861,356
862,356
863,356
864,356
865,356
866,356
867,356
868,356
869,356
870,356
871,356
872,356
873,356
874,356
875,356
876,356
877,356
878,356
879,356
880,356
881,356
882,356
883,356
884,356
885,356
886,356
887,356
889,356
890,356
891,356
892,356
893,356
894,356
895,356
896,356
897,356
898,356
899,356
900,356
901,356
902,356
903,356
904,356
905,356
906,356
907,356
908,356
909,356
910,356
911,356
912,356
913,356
914,356
915,356
916,356
917,356
918,356
919,356
920,356
921,356
922,356
923,356
924,356
925,356
926,356
927,356
928,356
929,356
931,356
932,356
933,356
934,356
935,356
936,356
937,356
938,356
939,356
940,356
941,356
942,356
943,356
944,356
945,356
946,356
947,356
949,356
950,356
951,356
952,356
954,356
956,356
957,356
958,356
959,356
960,356
961,356
962,356
963,356
964,356
966,356
967,356
968,356
969,356
970,356
972,356
973,356
974,356
975,356
976,356
977,357
978,357
979,357
983,357
984,357
985,357
988,357
989,358
990,358
991,358
993,358
995,358
996,358
997,358
998,358
999,358
1000,358
1001,358
1002,358
1003,358
1004,358
1005,358
1006,358
1007,358
1008,358
1009,358
1010,358
1011,358
1012,358
1013,359
1014,359
1015,359
1016,359
1017,359
1018,359
1019,359
1020,359
1021,359
1022,359
1023,359
1024,359
1025,359
1026,359
1027,359
1028,359
1031,359
1032,359
1033,359
1034,359
1035,359
1036,359
1037,359
1038,359
1039,359
1040,359
1041,359
1042,361
1044,361
1045,361
1046,361
1047,361
1048,361
1049,361
1050,361
1051,361
1052,361
1053,361
1054,361
1055,361
1056,361
1057,361
1058,361
1059,361
1060,361
1061,361
1062,361
1063,361
1064,361
1066,361
1067,361
1069,361
1070,361
1071,361
1073,361
1074,361
1075,361
1076,361
1078,362
1079,362
1081,362
1082,362
1083,362
1084,363
1085,363
1086,363
1087,364
1088,364
1089,364
1090,364
1091,364
1092,364
1093,364
1094,364
1095,364
1096,364
1097,364
1098,364
1099,364
1100,364
1101,364
1102,364
1103,364
1104,364
1105,364
1106,364
1107,364
1108,364
1109,364
1110,364
1111,364
1112,364
1113,364
1114,364
1115,364
1116,364
1117,364
1118,364
1119,364
1120,364
1121,364
1122,364
1123,364
1124,364
1125,364
1126,364
1127,364
1128,364
1129,364
1130,364
1131,364
1132,364
1133,364
1134,364
1135,364
1136,364
1137,364
1138,364
1140,364
1141,364
1142,364
1143,364
1144,364
1145,364
1146,364
1147,364
1148,364
1149,364
1150,364
1151,364
1153,364
1154,364
1155,364
1156,364
1157,364
1158,364
1159,364
1160,364
1161,364
1162,364
1163,364
1164,364
1165,364
1166,364
1167,364
1168,364
1169,364
1170,364
1171,364
1172,364
1173,364
1174,364
1175,364
1176,364
1177,364
1178,364
1179,364
1183,364
1185,364
1186,364
1187,364
1189,364
1190,364
1191,364
1192,365
1193,365
1195,365
1196,365
1197,365
1198,365
1200,365
1201,365
1202,365
1203,365
1204,365
1205,365
1206,365
1207,365
1208,365
1209,365
1210,365
1211,365
1212,365
1213,365
1214,365
1215,365
1218,365
1219,365
1220,365
1221,365
1222,365
1223,365
1224,365
1225,365
1226,365
1227,365
1228,365
1229,365
1230,365
1231,365
1232,365
1233,365
1234,365
1235,365
1236,365
1237,365
1238,365
1239,365
1240,365
1241,365
1242,365
1243,365
1244,365
1245,365
1247,365
1248,365
1250,365
1253,365
1254,365
1255,365
1257,365
1258,365
1259,365
1260,365
1261,365
1262,365
1263,365
1264,365
1265,365
1266,365
1267,365
1268,365
1269,365
1270,365
1271,365
1272,365
1273,365
1274,365
1275,365
1276,365
1277,365
1278,365
1279,365
1280,365
1281,365
1282,365
1283,365
1284,365
1287,365
1290,365
1291,365
1292,365
1294,365
1296,365
1297,365
1298,365
1299,365
1300,365
1302,365
1303,365
1304,365
1305,365
1306,365
1308,365
1310,365
1311,365
1312,365
1313,365
1314,365
1315,365
1316,365
1317,365
1318,366
1319,366
1320,366
1322,366
1323,366
1324,367
1325,367
1327,367
1328,367
1329,367
1330,367
1331,367
1332,368
1333,368
1334,368
1335,368
1337,368
1338,368
1339,368
1340,368
1341,368
1342,368
1343,368
1344,368
1346,368
1347,368
1348,368
1349,368
1350,368
1351,368
1352,368
1353,368
1354,368
1355,368
1356,368
1357,368
1358,368
1359,368
1360,368
1362,368
1365,368
1366,368
1367,368
1368,368
1369,368
1370,368
1371,368
1372,368
1373,368
1374,368
1376,368
1377,368
1378,368
1379,368
1380,368
1381,368
1383,368
1384,368
1385,368
1386,368
1387,368
1388,368
1389,368
1390,368
1392,368
1393,368
1394,368
1395,368
1396,368
1398,368
1399,368
1400,368
1401,368
1402,368
1403,368
1404,368
1405,368
1406,368
1407,368
1408,368
1411,368
1412,368
1413,368
1414,368
1415,369
1416,369
1417,369
1420,369
1421,369
1422,369
1423,369
1424,369
1425,369
1426,369
1427,369
1429,369
1430,369
1431,369
1432,369
1433,369
1434,369
1435,369
1436,369
1437,369
1438,369
1439,369
1440,369
1441,369
1442,369
1443,369
1445,369
1446,369
1447,369
1449,369
1450,369
1451,369
1452,369
1454,369
1455,369
1456,369
1457,369
1458,369
1460,369
1461,369
1462,369
1463,369
1464,369
1465,369
1466,369
1467,369
1468,369
1469,369
1470,370
1473,370
1474,370
1475,370
1476,370
1477,370
1478,370
1479,370
1480,370
1481,370
1482,370
1483,370
1484,370
1485,370
1486,370
1492,370
1493,370
1494,370
1495,370
1496,370
1497,370
1498,370
1499,370
1500,370
1501,370
1502,370
1503,370
1504,370
1505,370
1506,370
1507,371
1508,371
1509,371
1510,371
1511,371
1512,371
1516,371
1517,371
1518,371
1519,371
1520,371
1521,371
1522,371
1523,371
1524,371
1525,371
1527,371
1528,371
1529,371
1530,371
1531,371
1532,371
1533,371
1534,371
1535,371
1536,371
1537,371
1538,371
1539,371
1540,371
1541,371
1542,371
1543,371
1544,371
1545,371
1546,371
1547,371
1548,371
1549,371
1550,371
1551,371
1552,371
1553,371
1554,371
1555,371
1556,371
1557,371
1558,371
1559,371
1560,371
1561,371
1564,371
1565,371
1567,371
1568,371
1569,371
1570,371
1571,371
1572,371
1573,371
1574,371
1575,371
1576,371
1577,371
1578,371
1579,371
1581,371
1582,371
1583,371
1584,371
1585,371
1586,371
1587,371
1588,371
1589,371
1590,371
1591,371
1592,371
1594,371
1595,371
1596,371
1597,371
1598,371
1599,371
1600,371
1602,371
1603,371
1605,371
1606,371
1607,371
1608,371
1609,371
1610,371
1611,371
1612,371
1613,371
1614,371
1615,371
1616,371
1617,371
1619,371
1620,371
1621,371
1622,371
1623,371
1627,371
1628,371
1629,371
1630,371
1631,371
1632,371
1633,371
1634,371
1635,371
1636,371
1637,371
1638,371
1639,371
1640,371
1641,371
1642,371
1643,371
1644,372
1645,372
1646,372
1647,372
1648,372
1649,372
1650,372
1651,372
1652,372
1653,372
1654,372
1655,372
1656,372
1657,372
1658,372
1659,372
1660,372
1661,372
1662,372
1663,372
1664,372
1665,372
1666,372
1668,372
1669,372
1670,372
1671,372
1672,372
1676,372
1677,372
1678,372
1679,372
1680,372
1681,372
1682,372
1683,372
1684,372
1685,372
1686,372
1687,372
1688,372
1689,372
1690,372
1691,372
1692,372
1693,372
1694,372
1695,372
1696,372
1697,372
1698,372
1699,372
1700,372
1701,372
1702,372
1703,372
1705,372
1706,372
1707,372
1708,372
1711,372
1714,372
1716,372
1717,372
1718,372
1719,372
1720,372
1721,372
1722,372
1723,372
1724,372
1725,372
1726,372
1727,372
1729,372
1730,372
1732,373
1733,373
1735,373
1739,373
1741,373
1742,374
1743,374
1744,374
1745,374
1746,374
1747,374
1748,374
1749,374
1750,374
1751,374
1752,374
1753,374
1754,374
1755,374
1756,374
1758,374
1760,374
1762,374
1763,374
1765,374
1766,374
1767,374
1768,374
1769,374
1770,374
1771,374
1772,374
1773,374
1774,374
1775,374
1776,374
1778,374
1779,374
1780,374
1781,374
1782,374
1783,374
1784,374
1785,374
1786,374
1787,374
1788,374
1789,374
1790,375
1791,375
1792,375
1793,375
1794,375
1795,375
1796,375
1797,375
1798,375
1799,376
1800,376
1801,377
1802,377
1803,377
1804,377
1805,377
1806,377
1807,377
1808,377
1809,377
1810,377
1811,377
1812,377
1813,377
1814,377
1816,377
1817,377
1818,378
1819,379
1820,379
1821,379
1822,379
1823,379
1824,379
1826,379
1827,379
1828,379
1829,379
1830,379
1831,379
1832,379
1833,379
1834,379
1835,379
1837,379
1838,379
1840,379
1842,379
1843,379
1844,379
1845,379
1849,379
1850,379
1851,379
1852,379
1854,379
1855,379
1856,379
1857,379
1858,379
1859,379
1860,379
1864,379
1865,379
1867,379
1868,379
1869,379
1870,379
1871,379
1872,379
1873,379
1874,379
1875,379
1876,379
1877,379
1878,379
1879,379
1880,379
1881,379
1884,379
1885,379
1886,379
1887,379
1888,379
1889,379
1890,379
1892,379
1893,379
1894,379
1895,379
1896,379
1897,379
1898,379
1899,379
1900,379
1901,379
1902,379
1903,379
1905,379
1906,379
1907,379
1910,379
1911,379
1912,379
1913,379
1914,379
1917,379
1918,379
1919,379
1920,379
1921,379
1922,379
1923,379
1925,379
1926,379
1927,379
1928,379
1929,379
1930,379
1931,379
1932,379
1933,379
1934,379
1935,379
1936,379
1937,379
1938,379
1939,379
1940,379
1941,379
1942,379
1943,379
1944,379
1945,379
1946,379
1947,379
1948,379
1949,379
1950,379
1951,379
1952,379
1953,379
1954,379
1955,379
1956,379
1957,379
1958,379
1959,379
1960,379
1961,379
1962,379
1963,379
1964,379
1965,379
1966,379
1967,379
1968,379
1969,379
1970,379
1971,379
1976,379
1977,379
1978,379
1979,379
1982,379
1986,379
1987,379
1988,379
1989,379
1990,379
1991,379
1992,379
1993,379
1994,379
1995,380
1996,380
1997,380
1998,380
2000,380
2001,380
2002,380
2003,380
2004,380
2005,380
2006,380
2007,380
2008,380
2009,380
2010,380
2012,380
2014,380
2015,380
2016,380
2017,380
2018,380
2019,380
2020,380
2021,380
2022,380
2023,380
2024,380
2025,380
2026,380
2027,380
2028,380
2029,380
2030,380
2032,380
2033,380
2034,380
2035,380
2036,380
2037,380
2039,380
2041,380
2044,380